FUSION vs. FREE, (N = 32 vs. 5)
Rank, Feature, Mean (class), Mean (others), Significance (t-test), Cohen's D
0, metrical_event_density, 8.7821875, 1.1199999999999999, ***, 2.368076363431014
1, int_bigram_entropy, 5.70375, 6.947999999999999, **, -1.597300404073423
4, avgtempo, 121.303125, 210.28000000000003, ***, -3.354830004069539
13, durclass_rel_hist_01_very_short, 0.5696875, 0.17600000000000002, ***, 1.7325289939316753
14, durclass_rel_hist_02_short, 0.321875, 0.676, ***, -2.0009868066497423
18, mcm_entropy, 0.8025, 0.43200000000000005, ***, 2.350133653666357
